{
  "version": "1.0",
  "defaultProvider": "cdnjs",
  "libraries": [
    {
      "library": "bootstrap@5.1.3",
      "destination": "wwwroot/lib/bootstrap/"
    },
    {
      "library": "jquery@3.6.0",
      "destination": "wwwroot/lib/jquery/"
    },
    {
      "library": "font-awesome@6.1.1",
      "destination": "wwwroot/lib/font-awesome/"
    },
    {
      "library": "jquery-validation-unobtrusive@3.2.12",
      "destination": "wwwroot/lib/jquery-validation-unobtrusive/"
    },
    {
      "library": "jquery-validate@1.19.4",
      "destination": "wwwroot/lib/jquery-validate/"
    }
  ]
}